target,family,params,mean_roc_auc,std_roc_auc,mean_log_loss,std_log_loss,mean_accuracy,std_accuracy,mean_recall,std_recall,mean_f1,std_f1,mean_brier_score,std_brier_score,mean_average_precision,std_average_precision
cad,dummy,{},0.5,0.0,0.5978024033593083,0.007740243777139146,0.7148809523809525,0.008522512537664466,1.0,0.0,0.8337153492016848,0.005768974260845077,0.20385848953192323,0.003624229606486783,0.7148809523809525,0.008522512537664466
cad,logistic,"{""C"": 0.1, ""class_weight"": null}",0.9225431711145996,0.020764841184509775,0.3340235161933676,0.025170548349381084,0.8391156462585034,0.0321173705780875,0.9070588235294117,0.05982815586228435,0.8898850714502888,0.018684933916488875,0.10661850479852912,0.009464411445149791,0.9690329183639689,0.012301165937542427
cad,logistic,"{""C"": 0.1, ""class_weight"": ""balanced""}",0.921789638932496,0.01748074196127488,0.3556305766358601,0.022826504241382693,0.8512755102040817,0.016874485267489282,0.8722689075630251,0.06122354823558651,0.893369717779585,0.01088581838900477,0.11086565659599226,0.007423893004460142,0.9686689903615958,0.011029219710836372
cad,logistic,"{""C"": 1.0, ""class_weight"": null}",0.8988900175454797,0.02291225121223666,0.42661007459583117,0.04867915684060926,0.8225340136054422,0.038673652618045194,0.8779831932773108,0.05365794628469824,0.876720065930592,0.020373412468865204,0.1331434315305127,0.024760222822437037,0.9605636198680951,0.01358875370285048
cad,logistic,"{""C"": 1.0, ""class_weight"": ""balanced""}",0.899290793240373,0.021040572150731254,0.44305505113010535,0.02422202139135496,0.818452380952381,0.031899090955616834,0.8435294117647059,0.04543413913036159,0.869696816360953,0.016421353781055057,0.1348801670282999,0.01614559014464456,0.9602879413295188,0.013875607074664967
cad,logistic,"{""C"": 10.0, ""class_weight"": null}",0.8677320158832764,0.02023986528085422,0.957838487605349,0.18138412276682392,0.8017857142857142,0.022007223287152548,0.8376470588235294,0.050312911128245354,0.858305593205024,0.00735755149328112,0.17780228634298859,0.023625862398365203,0.9472133312662752,0.0156924229120186
cad,logistic,"{""C"": 10.0, ""class_weight"": ""balanced""}",0.8702484070551296,0.019496608067639466,0.9832087843051855,0.1490576206900076,0.7976190476190477,0.029597456265233222,0.8260504201680672,0.0482590050936512,0.8540659512253157,0.01523972393174871,0.17845962053854883,0.021505997216077436,0.9483649353540147,0.015642070349237796
cad,catboost,"{""depth"": 3, ""iterations"": 200, ""learning_rate"": 0.03, ""l2_leaf_reg"": 5, ""loss_function"": ""Logloss"", ""random_seed"": 42, ""thread_count"": 4, ""verbose"": false, ""allow_writing_files"": false}",0.9232505309816235,0.020703067449715683,0.3263631464355216,0.03775560111467458,0.8679421768707483,0.022181493664899556,0.9243697478991597,0.05344233911342724,0.9089296763623608,0.015472648984626594,0.10210900421982232,0.015209649016888527,0.9694127937219446,0.008133272611451454
cad,catboost,"{""depth"": 3, ""iterations"": 200, ""learning_rate"": 0.03, ""l2_leaf_reg"": 5, ""loss_function"": ""Logloss"", ""random_seed"": 42, ""thread_count"": 4, ""verbose"": false, ""allow_writing_files"": false, ""auto_class_weights"": ""Balanced""}",0.9198910333364114,0.021547961034555814,0.35131473847770767,0.03618959388057037,0.8474489795918367,0.04113770339047249,0.8494117647058822,0.05606496982741061,0.8879484452010775,0.031074812965751843,0.11004653886118118,0.017822308410717625,0.9686474136167144,0.008450444474137715
cad,catboost,"{""depth"": 3, ""iterations"": 400, ""learning_rate"": 0.03, ""l2_leaf_reg"": 5, ""loss_function"": ""Logloss"", ""random_seed"": 42, ""thread_count"": 4, ""verbose"": false, ""allow_writing_files"": false}",0.912558869701727,0.02589252203170421,0.3389700348311151,0.06026337154681682,0.8474489795918367,0.03840959191860287,0.8954621848739496,0.049589089009040674,0.8938484717594306,0.02398700327808227,0.1081426641938907,0.021616565879004124,0.9654734159251289,0.00984862384326147
cad,catboost,"{""depth"": 3, ""iterations"": 400, ""learning_rate"": 0.03, ""l2_leaf_reg"": 5, ""loss_function"": ""Logloss"", ""random_seed"": 42, ""thread_count"": 4, ""verbose"": false, ""allow_writing_files"": false, ""auto_class_weights"": ""Balanced""}",0.9099556745775234,0.024228051207760774,0.3528568135724041,0.05352565629928501,0.8476190476190476,0.06110967479769739,0.8668907563025211,0.056388996678448614,0.8905298085403386,0.04339709844954774,0.11407940832568539,0.02641262188645547,0.9649539830411727,0.009304157351859266
cad,catboost,"{""depth"": 5, ""iterations"": 200, ""learning_rate"": 0.03, ""l2_leaf_reg"": 5, ""loss_function"": ""Logloss"", ""random_seed"": 42, ""thread_count"": 4, ""verbose"": false, ""allow_writing_files"": false}",0.9068325791855203,0.025416131684270638,0.33934872294306984,0.04407374371523654,0.8473639455782314,0.032914315022044054,0.9127731092436975,0.058632342365086555,0.8951656045283304,0.02215600936151074,0.1081963027721381,0.017503953575203724,0.9619374175049671,0.01214369360141943
cad,catboost,"{""depth"": 5, ""iterations"": 200, ""learning_rate"": 0.03, ""l2_leaf_reg"": 5, ""loss_function"": ""Logloss"", ""random_seed"": 42, ""thread_count"": 4, ""verbose"": false, ""allow_writing_files"": false, ""auto_class_weights"": ""Balanced""}",0.9197165019854097,0.03468797683692617,0.3388079323493456,0.05715996629257252,0.8475340136054422,0.04787988873419362,0.8610084033613445,0.055904778466149,0.889729846167261,0.033775253390954406,0.10676226812015724,0.025898677911385712,0.9681589239343127,0.014141259678667013
cad,catboost,"{""depth"": 5, ""iterations"": 400, ""learning_rate"": 0.03, ""l2_leaf_reg"": 5, ""loss_function"": ""Logloss"", ""random_seed"": 42, ""thread_count"": 4, ""verbose"": false, ""allow_writing_files"": false}",0.899355434481485,0.0268436974151138,0.36373626870358017,0.05598072969078161,0.8433673469387756,0.04565542630239928,0.8956302521008404,0.04892171096874966,0.8912085158624325,0.030219016224742833,0.11630798841489302,0.021946786825883028,0.9579431321475489,0.013613116301226035
cad,catboost,"{""depth"": 5, ""iterations"": 400, ""learning_rate"": 0.03, ""l2_leaf_reg"": 5, ""loss_function"": ""Logloss"", ""random_seed"": 42, ""thread_count"": 4, ""verbose"": false, ""allow_writing_files"": false, ""auto_class_weights"": ""Balanced""}",0.9037168713639303,0.03391279881249233,0.3611356650545056,0.07250500251552293,0.8476190476190476,0.06110967479769739,0.8611764705882351,0.0655634538856648,0.8894602898237609,0.04547716956000489,0.11637661939007424,0.03151927947993479,0.9621453704273302,0.013700476913966354
lad,dummy,{},0.5,0.0,0.6765960135015635,0.0030948380307472844,0.5909013605442177,0.008547927641413386,1.0,0.0,0.7428220901905113,0.006733732671810467,0.24176945224300406,0.0015306806524868317,0.5909013605442177,0.008547927641413386
lad,logistic,"{""C"": 0.1, ""class_weight"": null}",0.8562250453720507,0.056436842042070876,0.47693384255878757,0.06525995069483839,0.7601190476190476,0.04622578343361587,0.8167487684729065,0.11779735294353508,0.7976362158323209,0.05293599087450892,0.15858379120232863,0.023951387884455163,0.8984603967112262,0.03922980433594582
lad,logistic,"{""C"": 0.1, ""class_weight"": ""balanced""}",0.8569749805548353,0.054804641825788945,0.488434151707717,0.07082846285358933,0.7351190476190476,0.08322697294112832,0.7463054187192119,0.17351644240923494,0.7596824091679941,0.107113132636109,0.16420249068905096,0.02857878888958425,0.8987135404844502,0.03699118582091859
lad,logistic,"{""C"": 1.0, ""class_weight"": null}",0.830189266269121,0.04988136551766701,0.5570351762474034,0.11640314961765834,0.7437925170068028,0.05577641467489496,0.7682266009852217,0.12010514939869278,0.7760038199976018,0.06400831496625956,0.18088417517921207,0.036559473548467225,0.886258933165444,0.030487428472279476
lad,logistic,"{""C"": 1.0, ""class_weight"": ""balanced""}",0.830571039668136,0.0508826523407534,0.5723548278539012,0.12554356086558408,0.7392857142857143,0.0679483758761774,0.7261083743842364,0.12118689666349848,0.7628870357230935,0.0781893921827526,0.18667286167732497,0.04011152976401813,0.8858884835375299,0.030683308155460155
lad,logistic,"{""C"": 10.0, ""class_weight"": null}",0.8133212341197822,0.0528217353142724,0.7775286847279859,0.2457415054300829,0.7357142857142857,0.0456475067501701,0.7694581280788177,0.05097391654964146,0.7746871008939975,0.03962017215075153,0.21116834396383832,0.045656968432054426,0.8787664429260464,0.02981419188956197
lad,logistic,"{""C"": 10.0, ""class_weight"": ""balanced""}",0.8115847809178117,0.05602812671214632,0.8004911905338679,0.2457901975958984,0.7231292517006803,0.02755810566491099,0.7408866995073892,0.07428875220820372,0.758321540528437,0.035071766550888776,0.21660375297315468,0.04100031578560867,0.8778290739079221,0.03146163622895578
lad,catboost,"{""depth"": 3, ""iterations"": 200, ""learning_rate"": 0.03, ""l2_leaf_reg"": 5, ""loss_function"": ""Logloss"", ""random_seed"": 42, ""thread_count"": 4, ""verbose"": false, ""allow_writing_files"": false}",0.8604089966295048,0.04226265017843734,0.4723561705116759,0.03791471299503529,0.7768707482993197,0.022341463312052362,0.8450738916256159,0.08663860937830732,0.8161202238621593,0.0265196380158401,0.1526232084811105,0.014290420250079754,0.8962099557229006,0.03498333697849336
lad,catboost,"{""depth"": 3, ""iterations"": 200, ""learning_rate"": 0.03, ""l2_leaf_reg"": 5, ""loss_function"": ""Logloss"", ""random_seed"": 42, ""thread_count"": 4, ""verbose"": false, ""allow_writing_files"": false, ""auto_class_weights"": ""Balanced""}",0.8612146746175784,0.0455390728369893,0.4777907730178986,0.048789351655078264,0.789030612244898,0.05452497388854386,0.8029556650246306,0.08453695715138183,0.8170631717847214,0.050587079088505266,0.1535820654421863,0.018328118469964457,0.8972980831849027,0.0368814989550167
lad,catboost,"{""depth"": 3, ""iterations"": 400, ""learning_rate"": 0.03, ""l2_leaf_reg"": 5, ""loss_function"": ""Logloss"", ""random_seed"": 42, ""thread_count"": 4, ""verbose"": false, ""allow_writing_files"": false}",0.8475810215193155,0.03648491979444865,0.4824496700962556,0.039119641408291314,0.7728741496598639,0.018317873973756175,0.8312807881773399,0.06560699803875471,0.8117803970223324,0.015968499878861057,0.15604053228994505,0.013424180683863942,0.8839452701343985,0.02738740531826886
lad,catboost,"{""depth"": 3, ""iterations"": 400, ""learning_rate"": 0.03, ""l2_leaf_reg"": 5, ""loss_function"": ""Logloss"", ""random_seed"": 42, ""thread_count"": 4, ""verbose"": false, ""allow_writing_files"": false, ""auto_class_weights"": ""Balanced""}",0.8439940368161784,0.04112509335739332,0.4959979673251844,0.0521407413618861,0.7643707482993197,0.03538426644318017,0.7889162561576356,0.09313960514591717,0.7960458830575955,0.04364027977400934,0.16078019757730694,0.017073776713376353,0.8831687745811443,0.03597815775024815
lad,catboost,"{""depth"": 5, ""iterations"": 200, ""learning_rate"": 0.03, ""l2_leaf_reg"": 5, ""loss_function"": ""Logloss"", ""random_seed"": 42, ""thread_count"": 4, ""verbose"": false, ""allow_writing_files"": false}",0.8559696655431683,0.05000157503184771,0.47100354488306123,0.044266659620597906,0.7810374149659863,0.017494082152585872,0.8381773399014778,0.07528247661251249,0.8180303970223324,0.021483698119905702,0.15105751992344657,0.015534940312411177,0.8856614577280091,0.04117903284788656
lad,catboost,"{""depth"": 5, ""iterations"": 200, ""learning_rate"": 0.03, ""l2_leaf_reg"": 5, ""loss_function"": ""Logloss"", ""random_seed"": 42, ""thread_count"": 4, ""verbose"": false, ""allow_writing_files"": false, ""auto_class_weights"": ""Balanced""}",0.8562781954887217,0.04450770124995037,0.47201324379032183,0.039302990572149574,0.7891156462585034,0.019116111519018986,0.8381773399014778,0.07122444077609255,0.8235681258632077,0.022612489864891287,0.1531061790336235,0.014462701925981604,0.8875082525839926,0.03673049191422755
lad,catboost,"{""depth"": 5, ""iterations"": 400, ""learning_rate"": 0.03, ""l2_leaf_reg"": 5, ""loss_function"": ""Logloss"", ""random_seed"": 42, ""thread_count"": 4, ""verbose"": false, ""allow_writing_files"": false}",0.8528039927404718,0.03592662479689117,0.4920615790727304,0.04176658492828803,0.7768707482993198,0.008595378415357714,0.8312807881773399,0.06999148885902867,0.8143385983285956,0.011713113458046825,0.15664565055794294,0.01302834569978164,0.8847517390275627,0.030532927520444873
lad,catboost,"{""depth"": 5, ""iterations"": 400, ""learning_rate"": 0.03, ""l2_leaf_reg"": 5, ""loss_function"": ""Logloss"", ""random_seed"": 42, ""thread_count"": 4, ""verbose"": false, ""allow_writing_files"": false, ""auto_class_weights"": ""Balanced""}",0.8485623541612652,0.03734529421198314,0.4949308681825112,0.04846308928432482,0.7685374149659864,0.034611037220085364,0.8167487684729065,0.10379735262658955,0.8042999537368045,0.04297866592067373,0.15876124194421748,0.014588457703382296,0.8790595594533294,0.036472922828651194
lcx,dummy,{},0.5,0.0,0.6661929386480865,0.004281669331136453,0.6157312925170068,0.009081138996494076,0.0,0.0,0.0,0.0,0.23664303207152532,0.002101966061906361,0.3842687074829932,0.009081138996494056
lcx,logistic,"{""C"": 0.1, ""class_weight"": null}",0.69092491765813,0.047459012020505245,0.6379825533527994,0.04507628910839789,0.640561224489796,0.007219132348069792,0.39824561403508774,0.03361937392235043,0.459232505318843,0.01853071416648813,0.22083408907126797,0.019481378334491917,0.603309906121759,0.039435263306935156
lcx,logistic,"{""C"": 0.1, ""class_weight"": ""balanced""}",0.6872265913826712,0.044243484274565564,0.6577448780594791,0.03979833789563878,0.624234693877551,0.05680469414879505,0.5935672514619883,0.10124730814725605,0.5471345029239766,0.06698249034785614,0.22858019468914917,0.017825085951103836,0.5917680858477252,0.04020494645383199
lcx,logistic,"{""C"": 1.0, ""class_weight"": null}",0.6605310210391879,0.0430717959528611,0.7815241825134123,0.10386134231503003,0.603486394557823,0.04250807729359559,0.4198830409356725,0.031054779058132757,0.44937647148173465,0.03194269679457297,0.2610795676971033,0.03276219396025743,0.5720822076108399,0.041899254170748246
lcx,logistic,"{""C"": 1.0, ""class_weight"": ""balanced""}",0.6510916179337232,0.041590785069753174,0.8015860036211334,0.10117905519901738,0.5995748299319728,0.05579650505955988,0.5391812865497075,0.07847486935015541,0.5082222441657616,0.06746560625421784,0.2688090752661362,0.032540567767512706,0.5591760887852271,0.04081939002373331
lcx,logistic,"{""C"": 10.0, ""class_weight"": null}",0.6163299052228272,0.06570009049961975,1.111319536162201,0.3005330162024114,0.591156462585034,0.05514654104029019,0.44152046783625726,0.0751183191734803,0.4531568740856667,0.0700501474635521,0.31085877119207783,0.048394811871652184,0.5459582334604779,0.05316865560665999
lcx,logistic,"{""C"": 10.0, ""class_weight"": ""balanced""}",0.6155911810176783,0.06517296113479339,1.1231525318437987,0.2949699437181198,0.5830782312925169,0.062262088254862305,0.5070175438596491,0.07550430068575163,0.4833603238866397,0.06985718214914165,0.3176529778219047,0.05337860538452332,0.5450098639205077,0.055842723802301035
lcx,catboost,"{""depth"": 3, ""iterations"": 200, ""learning_rate"": 0.03, ""l2_leaf_reg"": 5, ""loss_function"": ""Logloss"", ""random_seed"": 42, ""thread_count"": 4, ""verbose"": false, ""allow_writing_files"": false}",0.7373637158029173,0.05173447608685922,0.5855407077218052,0.03749605403602891,0.6653061224489796,0.01650897652604003,0.4216374269005848,0.10117128078904616,0.48661655487016997,0.06152439291914195,0.2011754739443715,0.01643663648243073,0.6461884771337112,0.082038592976878
lcx,catboost,"{""depth"": 3, ""iterations"": 200, ""learning_rate"": 0.03, ""l2_leaf_reg"": 5, ""loss_function"": ""Logloss"", ""random_seed"": 42, ""thread_count"": 4, ""verbose"": false, ""allow_writing_files"": false, ""auto_class_weights"": ""Balanced""}",0.7300114270350205,0.04341107156869088,0.6037255291489085,0.024043988144876523,0.6610544217687074,0.04401013395923925,0.5929824561403507,0.07061267297367756,0.5730544309491677,0.048118541805819155,0.20805536640933045,0.009630112866487801,0.6363020734488967,0.0638891018762072
lcx,catboost,"{""depth"": 3, ""iterations"": 400, ""learning_rate"": 0.03, ""l2_leaf_reg"": 5, ""loss_function"": ""Logloss"", ""random_seed"": 42, ""thread_count"": 4, ""verbose"": false, ""allow_writing_files"": false}",0.7327566041540633,0.04535105012406323,0.5976695479751849,0.047078659521711405,0.6858843537414965,0.04559282434673936,0.5181286549707602,0.11764055840354798,0.5550411737468564,0.07412350716128661,0.20596338124121982,0.019419726661871816,0.6369116290242273,0.07060912992248959
lcx,catboost,"{""depth"": 3, ""iterations"": 400, ""learning_rate"": 0.03, ""l2_leaf_reg"": 5, ""loss_function"": ""Logloss"", ""random_seed"": 42, ""thread_count"": 4, ""verbose"": false, ""allow_writing_files"": false, ""auto_class_weights"": ""Balanced""}",0.7336687504201116,0.04103308750226905,0.59686481363534,0.03899468804748674,0.6857993197278912,0.03565096021726451,0.5707602339181286,0.04264397095664844,0.5829122355438145,0.03557338516641338,0.2048303806251986,0.014010834009775123,0.6470749580839161,0.06630401841332295
lcx,catboost,"{""depth"": 5, ""iterations"": 200, ""learning_rate"": 0.03, ""l2_leaf_reg"": 5, ""loss_function"": ""Logloss"", ""random_seed"": 42, ""thread_count"": 4, ""verbose"": false, ""allow_writing_files"": false}",0.7334812126100692,0.030231505346483303,0.5898874916414163,0.028298097524337856,0.6734693877551021,0.045159186140562455,0.452046783625731,0.034448366023445955,0.5167842215256008,0.03752406829749291,0.20331924972573706,0.012036535256538439,0.6309808894803826,0.05695853095067491
lcx,catboost,"{""depth"": 5, ""iterations"": 200, ""learning_rate"": 0.03, ""l2_leaf_reg"": 5, ""loss_function"": ""Logloss"", ""random_seed"": 42, ""thread_count"": 4, ""verbose"": false, ""allow_writing_files"": false, ""auto_class_weights"": ""Balanced""}",0.7581548699334544,0.03736091943268489,0.5809217855632082,0.022340292564352538,0.6859693877551021,0.03902496142752634,0.5818713450292398,0.07029716538111876,0.5867384677910994,0.053400952633981355,0.1978865232071037,0.009369672777659812,0.6636941814977645,0.04504607236888281
lcx,catboost,"{""depth"": 5, ""iterations"": 400, ""learning_rate"": 0.03, ""l2_leaf_reg"": 5, ""loss_function"": ""Logloss"", ""random_seed"": 42, ""thread_count"": 4, ""verbose"": false, ""allow_writing_files"": false}",0.7490972642333804,0.030603905625776737,0.5994252056285516,0.05462273222690635,0.6818027210884353,0.03757478813465671,0.48479532163742683,0.07398296438495416,0.5380901451489686,0.05405120145708003,0.2045657917223181,0.020595749590600298,0.6532652513508361,0.07450509132071659
lcx,catboost,"{""depth"": 5, ""iterations"": 400, ""learning_rate"": 0.03, ""l2_leaf_reg"": 5, ""loss_function"": ""Logloss"", ""random_seed"": 42, ""thread_count"": 4, ""verbose"": false, ""allow_writing_files"": false, ""auto_class_weights"": ""Balanced""}",0.7500436916044901,0.027007713872725433,0.589465521542492,0.038823188957345635,0.6902210884353741,0.02704529494850083,0.5391812865497077,0.07947624453143612,0.5702492102492102,0.0497391747259294,0.1999485618419219,0.012260046396154257,0.6534794323026112,0.034237452610987436
rca,dummy,{},0.5,0.0,0.6681111175581149,0.003816311583657661,0.6115646258503401,0.00852781359716674,0.0,0.0,0.0,0.0,0.23758568839605143,0.0018768703370218179,0.38843537414965984,0.008527813597166716
rca,logistic,"{""C"": 0.1, ""class_weight"": null}",0.6880432882973717,0.05662271682846712,0.6369350758429602,0.09855403842373213,0.6693027210884354,0.03931892241365971,0.47894736842105257,0.039032623616292964,0.5301265930048513,0.03397711362954708,0.21860732485341564,0.026077517278334003,0.6039328138017033,0.05415330904396203
rca,logistic,"{""C"": 0.1, ""class_weight"": ""balanced""}",0.686545002352625,0.060497975386860615,0.6550727572026345,0.09442674559537367,0.636139455782313,0.04269245263845293,0.595906432748538,0.12017508288104896,0.5567739226522008,0.051343836918906156,0.22693727973584701,0.026661384301332195,0.6055416399402771,0.05767273153835593
rca,logistic,"{""C"": 1.0, ""class_weight"": null}",0.6724716004570814,0.02822763843697701,0.7552095891746189,0.14385383634749316,0.6486394557823129,0.04456646362969826,0.5099415204678361,0.052207518410913804,0.5303425985778928,0.050391942699771014,0.24856392073440553,0.02055632558450715,0.6035627221307996,0.05056181492796379
rca,logistic,"{""C"": 1.0, ""class_weight"": ""balanced""}",0.6637984808765207,0.033178463112811855,0.7805492610212218,0.14991257487181295,0.6198979591836735,0.02177310821270303,0.5631578947368421,0.09039770545956669,0.5327467905957608,0.0356118130997782,0.25938346091438524,0.020861883189416994,0.5978194513924848,0.0517838763808298
rca,logistic,"{""C"": 10.0, ""class_weight"": null}",0.6577152651744302,0.015374891110400987,0.9560647207011822,0.14879543017402805,0.6240646258503401,0.028827659360238053,0.49941520467836253,0.06506751366409884,0.5066724125547655,0.03648690547931905,0.28112392949045883,0.005873470061318068,0.5791362275967449,0.03800316474967084
rca,logistic,"{""C"": 10.0, ""class_weight"": ""balanced""}",0.6540122336492573,0.015393689367513987,0.9826725850486724,0.1741569751365592,0.6280612244897958,0.02961180565973811,0.5421052631578946,0.06337681357259103,0.5302105314130272,0.030118224977052254,0.290220852538014,0.009156085395207337,0.5868821622353574,0.05149804205203792
rca,catboost,"{""depth"": 3, ""iterations"": 200, ""learning_rate"": 0.03, ""l2_leaf_reg"": 5, ""loss_function"": ""Logloss"", ""random_seed"": 42, ""thread_count"": 4, ""verbose"": false, ""allow_writing_files"": false}",0.7052228271828997,0.07223801875466136,0.6194336525775093,0.055599777204792825,0.6319727891156462,0.04252614697672056,0.33976608187134505,0.10684324155891722,0.411012987012987,0.08946206433248555,0.21467601576955073,0.02336190351306299,0.6020548448329711,0.06681784351808703
rca,catboost,"{""depth"": 3, ""iterations"": 200, ""learning_rate"": 0.03, ""l2_leaf_reg"": 5, ""loss_function"": ""Logloss"", ""random_seed"": 42, ""thread_count"": 4, ""verbose"": false, ""allow_writing_files"": false, ""auto_class_weights"": ""Balanced""}",0.7101169590643275,0.08704642328075164,0.6214477057466052,0.05262058611958014,0.6692176870748299,0.06128130040934381,0.647953216374269,0.12511066883734143,0.6006243637822586,0.08427924241155291,0.21603194386830138,0.024131883265439618,0.6110221696717113,0.10904761877432284
rca,catboost,"{""depth"": 3, ""iterations"": 400, ""learning_rate"": 0.03, ""l2_leaf_reg"": 5, ""loss_function"": ""Logloss"", ""random_seed"": 42, ""thread_count"": 4, ""verbose"": false, ""allow_writing_files"": false}",0.6909941520467835,0.059921915144971964,0.6528917226180144,0.09064029971657839,0.6401360544217687,0.06563653725032247,0.4140350877192982,0.12808219121715075,0.4669265090517463,0.10491083570170995,0.22779422688770712,0.033385960244546646,0.572851215716135,0.07808314053982086
rca,catboost,"{""depth"": 3, ""iterations"": 400, ""learning_rate"": 0.03, ""l2_leaf_reg"": 5, ""loss_function"": ""Logloss"", ""random_seed"": 42, ""thread_count"": 4, ""verbose"": false, ""allow_writing_files"": false, ""auto_class_weights"": ""Balanced""}",0.6833850910801909,0.07457198701682634,0.6575830603933802,0.10175295302594857,0.6523809523809524,0.07047609095513419,0.5210526315789472,0.16264775937223624,0.5303225806451612,0.12014992368841064,0.22934122924221095,0.03914268121562407,0.5932753783264922,0.09990931962303334
rca,catboost,"{""depth"": 5, ""iterations"": 200, ""learning_rate"": 0.03, ""l2_leaf_reg"": 5, ""loss_function"": ""Logloss"", ""random_seed"": 42, ""thread_count"": 4, ""verbose"": false, ""allow_writing_files"": false}",0.6837231968810916,0.06782272613622327,0.6315194039721671,0.05750132978858079,0.6486394557823129,0.03421575769502736,0.3292397660818713,0.06549968666476333,0.4192400192400193,0.057936952196353086,0.21907167570358127,0.023241184722787436,0.5855340577602026,0.06041270093707849
rca,catboost,"{""depth"": 5, ""iterations"": 200, ""learning_rate"": 0.03, ""l2_leaf_reg"": 5, ""loss_function"": ""Logloss"", ""random_seed"": 42, ""thread_count"": 4, ""verbose"": false, ""allow_writing_files"": false, ""auto_class_weights"": ""Balanced""}",0.7065335753176044,0.08208121543577572,0.6180958438455192,0.055826242740142584,0.6731292517006804,0.06357067445311108,0.5842105263157895,0.1901304407177731,0.5711623143881208,0.11393684352160736,0.21416742479817788,0.024884717115478207,0.6095686162028894,0.08224279397077235
rca,catboost,"{""depth"": 5, ""iterations"": 400, ""learning_rate"": 0.03, ""l2_leaf_reg"": 5, ""loss_function"": ""Logloss"", ""random_seed"": 42, ""thread_count"": 4, ""verbose"": false, ""allow_writing_files"": false}",0.6824924379915306,0.07312627942299897,0.6791826482726895,0.11669700389546366,0.6318877551020408,0.056286800683929036,0.404093567251462,0.06889673204689188,0.46001527883880816,0.0655053731532676,0.23391030114366687,0.04074314518001344,0.5843269263612567,0.0746491809945333
rca,catboost,"{""depth"": 5, ""iterations"": 400, ""learning_rate"": 0.03, ""l2_leaf_reg"": 5, ""loss_function"": ""Logloss"", ""random_seed"": 42, ""thread_count"": 4, ""verbose"": false, ""allow_writing_files"": false, ""auto_class_weights"": ""Balanced""}",0.6871076157827519,0.08534506937729783,0.6701549848307857,0.12733162227285916,0.6278061224489796,0.06419124699809427,0.4666666666666666,0.15122359255796455,0.4866416342278411,0.10772154738735591,0.23216348964273886,0.048204075889488426,0.5968485895131783,0.10295722370818695
